{
  "version": 2,
  "builds": [
    {
      "src": "app/package.json",
      "use": "@vercel/static-build",
      "config": {
        "distDir": "app/dist"
      }
    }
  ],
  "routes": [
    {
      "src": "/api/(.*)",
      "dest": "/api/$1"
    },
    {
      "src": "/app/(.*)",
      "dest": "/app/$1"
    },
    {
      "src": "/(.*\\.(css|js|png|jpg|jpeg|gif|svg|ico|woff|woff2|ttf|eot))",
      "dest": "/$1"
    },
    {
      "src": "/(bio|contact)\\.html",
      "dest": "/$1.html"
    },
    {
      "src": "/",
      "dest": "/index.html"
    },
    {
      "src": "/(.*)",
      "dest": "/app/dist/index.html"
    }
  ],
  "env": {
    "NODE_ENV": "production"
  }
}
